oracle,watermarker,mutator,compare_against_original,mean_mutation_time_in_s,mean_oracle_time_in_s,attack_success_@_0.5,mean_steps_to_success_@_0.5,mean_time_to_success_@_0.5,mean_change_in_watermark_score_@_0.5,mean_original_fluency_@_0.5,mean_attacked_fluency_@_0.5,mean_original_grammar_errors_@_0.5,mean_attacked_grammar_errors_@_0.5,mean_original_quality_@_0.5,mean_attacked_quality_@_0.5,attack_success_@_1.0,mean_steps_to_success_@_1.0,mean_time_to_success_@_1.0,mean_change_in_watermark_score_@_1.0,mean_original_fluency_@_1.0,mean_attacked_fluency_@_1.0,mean_original_grammar_errors_@_1.0,mean_attacked_grammar_errors_@_1.0,mean_original_quality_@_1.0,mean_attacked_quality_@_1.0,attack_success_@_2.0,mean_steps_to_success_@_2.0,mean_time_to_success_@_2.0,mean_change_in_watermark_score_@_2.0,mean_original_fluency_@_2.0,mean_attacked_fluency_@_2.0,mean_original_grammar_errors_@_2.0,mean_attacked_grammar_errors_@_2.0,mean_original_quality_@_2.0,mean_attacked_quality_@_2.0,max_steps,support
DiffOracle,UMDWatermarker,WordMutator,True,0.03577694640754039,1.5066305181318524,0.05,83.0,72.11190342903137,-0.03975600424146354,21.82567834854126,34.744065284729004,0.0,2.0,1.5029296875,0.14990234375,0.075,69.0,55.65768257776896,-0.04133568721661741,22.577755292256672,33.634796142578125,0.0,1.3333333333333333,0.9009602864583334,0.009114583333333334,0.1,40.75,38.3085498213768,-0.04365185425834146,21.97926640510559,31.484314441680908,0.0,0.75,1.05548095703125,0.10779953002929688,100,40
DiffOracle,UMDWatermarker,WordMutator,False,0.034641954008650416,1.4042778726285312,0.056338028169014086,78.75,86.79643702507019,-0.032357741019828204,23.342975616455078,32.52030849456787,1.75,1.75,0.9532880783081055,0.14111900329589844,0.08450704225352113,76.58333333333333,88.67339740196864,-0.03208811063355925,26.68591531117757,36.9782280921936,1.4166666666666667,1.75,1.1752465565999348,0.19281005859375,0.16901408450704225,57.541666666666664,67.32087337970734,-0.03511619907016502,22.62825906276703,29.865052302678425,1.4166666666666667,1.625,1.2772541046142578,0.562493642171224,100,142
