accuracy,hamming_accuracy,recall,precision,f1_score,jaccard_score,support,model
0.3692857142857143,0.36928571428571433,0.3692857142857143,0.3692857142857143,0.3692857142857143,0.2264564169951818,1400,allenai/longformer-base-4096
0.37714285714285717,0.3771428571428571,0.37714285714285717,0.37714285714285717,0.37714285714285717,0.2323943661971831,1400,google/bigbird-roberta-base
0.33071428571428574,0.33071428571428574,0.33071428571428574,0.33071428571428574,0.33071428571428574,0.19811724433033803,1400,google-bert/bert-base-uncased
0.3485714285714286,0.34857142857142853,0.3485714285714286,0.3485714285714286,0.3485714285714286,0.21107266435986158,1400,FacebookAI/roberta-base
0.36,0.36,0.36,0.36,0.36,0.21951219512195122,1400,microsoft/deberta-v3-base
0.35,0.35,0.35,0.35,0.35,0.21212121212121213,1400,FacebookAI/xlm-roberta-large
